"Gen_A","Gen_B","Mean_Gen","Pcrit","Gen_Span","Ne","Parametric_CI_low","Parametric_CI_high","Jackknife_CI_low","Jackknife_CI_high","Ne_Type"
1995,1996,1995.5,0.05,1,5016.31006,4520.1,"5538",199.1,"Infinite","Jorde_Ryman"
1995,1997,1996,0.05,2,2358.65381,2121.1,"2608.6",288.2,"Infinite","Jorde_Ryman"
1995,1998,1996.5,0.05,3,2932.26001,2645.4,"3233.7",492.5,"Infinite","Jorde_Ryman"
1995,1999,1997,0.05,4,10500,-4111.5,"Infinite",822.8,"Infinite","Jorde_Ryman"
1995,2002,1998.5,0.05,7,655.52588,592.5,"721.7",416.8,"1534.7","Jorde_Ryman"
1995,2004,1999.5,0.05,9,1416.39978,1280.1,"1559.5",767.3,"9196.4","Jorde_Ryman"
1995,2006,2000.5,0.05,11,1836.15308,1660.7,"2020.3",934.5,"52391.4","Jorde_Ryman"
1995,2008,2001.5,0.05,13,1669.45691,1509.2,"1837.6",1022.3,"4548.5","Jorde_Ryman"
1995,2009,2002,0.05,14,5171.24268,4669.7,"5698",1732.3,"Infinite","Jorde_Ryman"
1995,2010,2002.5,0.05,15,4045.8877,3640.9,"4472",1467.5,"Infinite","Jorde_Ryman"
1995,2011,2003,0.05,16,3574.77026,3231.1,"3935.6",1683.4,"Infinite","Jorde_Ryman"
1995,2012,2003.5,0.05,17,1361.63977,1231.8,"1497.8",916,"2651.3","Jorde_Ryman"
1995,2013,2004,0.05,18,4776.86182,4309.2,"5268.3",1939.2,"Infinite","Jorde_Ryman"
1995,2014,2004.5,0.05,19,1581.19116,1428.6,"1741.4",1011.7,"3617.7","Jorde_Ryman"
1995,2015,2005,0.05,20,3847.56055,3471.8,"4242.3",1888.4,"Infinite","Jorde_Ryman"
1995,2016,2005.5,0.05,21,2330.25732,2105.9,"2565.8",1307.8,"10681.3","Jorde_Ryman"
1995,2017,2006,0.05,22,2130.96875,1923,"2349.5",1294.7,"6017.4","Jorde_Ryman"
1995,2018,2006.5,0.05,23,1407.0293,1272.8,"1547.9",915.1,"3042.2","Jorde_Ryman"
1995,2019,2007,0.05,24,1122.42944,1014.3,"1235.9",736.8,"2355","Jorde_Ryman"
1995,2020,2007.5,0.05,25,1333.68933,1205.3,"1468.5",899.8,"2576","Jorde_Ryman"
1996,1997,1996.5,0.05,1,10500,-444.8,"Infinite",283.1,"Infinite","Jorde_Ryman"
1996,1998,1997,0.05,2,10500,-548,"Infinite",1832.6,"Infinite","Jorde_Ryman"
1996,1999,1997.5,0.05,3,2806.01807,2522.4,"3104.5",467.3,"Infinite","Jorde_Ryman"
1996,2002,1999,0.05,6,1387.1781,1253.6,"1527.5",651.7,"Infinite","Jorde_Ryman"
1996,2004,2000,0.05,8,10000,19859.3,"24232.2",1615.7,"Infinite","Jorde_Ryman"
1996,2006,2001,0.05,10,1649.45593,1491.3,"1815.5",894.2,"10614","Jorde_Ryman"
1996,2008,2002,0.05,12,2746.10376,2483.5,"3021.7",1311.5,"Infinite","Jorde_Ryman"
1996,2009,2002.5,0.05,13,2804.24194,2532.8,"3089.3",1301.4,"Infinite","Jorde_Ryman"
1996,2010,2003,0.05,14,10500,-20535.2,"Infinite",2487.5,"Infinite","Jorde_Ryman"
1996,2011,2003.5,0.05,15,7806.56934,7058.3,"8592",2218.4,"Infinite","Jorde_Ryman"
1996,2012,2004,0.05,16,1924.59363,1740.5,"2117.8",1180.5,"5206","Jorde_Ryman"
1996,2013,2004.5,0.05,17,6120.64258,5524.1,"6747.4",2200,"Infinite","Jorde_Ryman"
1996,2014,2005,0.05,18,2633.76855,2379.8,"2900.5",1438.4,"15588.1","Jorde_Ryman"
1996,2015,2005.5,0.05,19,4179.45508,3769.7,"4610",1946.9,"Infinite","Jorde_Ryman"
1996,2016,2006,0.05,20,2994.95508,2706.1,"3298.2",1611.9,"21103.2","Jorde_Ryman"
1996,2017,2006.5,0.05,21,3567.88574,3218.3,"3935.2",1878.2,"35560.2","Jorde_Ryman"
1996,2018,2007,0.05,22,1659.28235,1500,"1826.5",991.8,"5073.8","Jorde_Ryman"
1996,2019,2007.5,0.05,23,1091.74304,988,"1200.6",690.5,"2605.8","Jorde_Ryman"
1996,2020,2008,0.05,24,1534.54199,1386.8,"1689.6",987.4,"3441.1","Jorde_Ryman"
1997,1998,1997.5,0.05,1,10500,-1503,"Infinite",203,"Infinite","Jorde_Ryman"
1997,1999,1998,0.05,2,10500,-3362,"Infinite",389.3,"Infinite","Jorde_Ryman"
1997,2002,1999.5,0.05,5,493.30267,445.5,"543.5",311.8,"1180.1","Jorde_Ryman"
1997,2004,2000.5,0.05,7,857.57782,773.8,"945.6",493.8,"3258.2","Jorde_Ryman"
1997,2006,2001.5,0.05,9,863.06287,779,"951.4",545.6,"2064.3","Jorde_Ryman"
1997,2008,2002.5,0.05,11,836.55096,755.1,"922.1",542.1,"1830.7","Jorde_Ryman"
1997,2009,2003,0.05,12,1037.396,936.3,"1143.6",674.1,"2250.3","Jorde_Ryman"
1997,2010,2003.5,0.05,13,1501.67773,1349.9,"1661.4",778.8,"20929.1","Jorde_Ryman"
1997,2011,2004,0.05,14,1202.15417,1084.9,"1325.3",750.2,"3024","Jorde_Ryman"
1997,2012,2004.5,0.05,15,874.25824,788.9,"964",610.5,"1539.4","Jorde_Ryman"
1997,2013,2005,0.05,16,1804.05737,1624.7,"1992.7",1085.6,"5334.8","Jorde_Ryman"
1997,2014,2005.5,0.05,17,988.35535,891.3,"1090.3",702.4,"1667","Jorde_Ryman"
1997,2015,2006,0.05,18,1712.94421,1540.7,"1894.2",1082.6,"4100.3","Jorde_Ryman"
1997,2016,2006.5,0.05,19,1316.90039,1189,"1451.2",882.9,"2590.3","Jorde_Ryman"
1997,2017,2007,0.05,20,1655.56372,1492.6,"1826.8",1044.7,"3987.4","Jorde_Ryman"
1997,2018,2007.5,0.05,21,1060.50806,958,"1168.1",717.4,"2032.8","Jorde_Ryman"
1997,2019,2008,0.05,22,734.086,663.5,"808.2",522.3,"1235","Jorde_Ryman"
1997,2020,2008.5,0.05,23,1143.77295,1031.4,"1261.8",785.4,"2103.9","Jorde_Ryman"
1998,1999,1998.5,0.05,1,10500,-1413.9,"Infinite",227.2,"Infinite","Jorde_Ryman"
1998,2002,2000,0.05,4,10500,-16317.6,"Infinite",865.9,"Infinite","Jorde_Ryman"
1998,2004,2001,0.05,6,1879.81018,1698.2,"2070.5",703.5,"Infinite","Jorde_Ryman"
1998,2006,2002,0.05,8,10500,-4447.8,"Infinite",2734,"Infinite","Jorde_Ryman"
1998,2008,2003,0.05,10,10000,172564.8,"210374.8",2049.3,"Infinite","Jorde_Ryman"
1998,2009,2003.5,0.05,11,10500,-14230.5,"Infinite",3085,"Infinite","Jorde_Ryman"
1998,2010,2004,0.05,12,10500,-3079.4,"Infinite",4836.5,"Infinite","Jorde_Ryman"
1998,2011,2004.5,0.05,13,10000,18118.3,"22049.5",2481.9,"Infinite","Jorde_Ryman"
1998,2012,2005,0.05,14,5760.21875,5203,"6345.4",1856.5,"Infinite","Jorde_Ryman"
1998,2013,2005.5,0.05,15,6302.09863,5689.8,"6945.3",1982.7,"Infinite","Jorde_Ryman"
1998,2014,2006,0.05,16,5665.65527,5120.3,"6238.2",2134,"Infinite","Jorde_Ryman"
1998,2015,2006.5,0.05,17,10500,-12202.2,"Infinite",5023.7,"Infinite","Jorde_Ryman"
1998,2016,2007,0.05,18,6082.24805,5494.6,"6699.3",2142.4,"Infinite","Jorde_Ryman"
1998,2017,2007.5,0.05,19,6203.89355,5601.5,"6836.6",2427.1,"Infinite","Jorde_Ryman"
1998,2018,2008,0.05,20,2698.94019,2440.9,"2969.8",1340.6,"Infinite","Jorde_Ryman"
1998,2019,2008.5,0.05,21,1411.13538,1276.6,"1552.3",844.2,"4295.5","Jorde_Ryman"
1998,2020,2009,0.05,22,1401.4718,1265.9,"1543.8",901.4,"3148.1","Jorde_Ryman"
1999,2002,2000.5,0.05,3,333.68503,301,"368",204.3,"910","Jorde_Ryman"
1999,2004,2001.5,0.05,5,437.98541,394.5,"483.7",275.5,"1067.1","Jorde_Ryman"
1999,2006,2002.5,0.05,7,830.83893,749.7,"916.1",485.4,"2881.5","Jorde_Ryman"
1999,2008,2003.5,0.05,9,1000.53473,902.1,"1104",587.3,"3375","Jorde_Ryman"
1999,2009,2004,0.05,10,1509.89185,1361,"1666.4",796.7,"14392.5","Jorde_Ryman"
1999,2010,2004.5,0.05,11,2067.22632,1857.7,"2287.7",848.9,"Infinite","Jorde_Ryman"
1999,2011,2005,0.05,12,3112.36816,2801.4,"3439.4",1325.1,"Infinite","Jorde_Ryman"
1999,2012,2005.5,0.05,13,1526.50012,1376.3,"1684.4",894.5,"5202.6","Jorde_Ryman"
1999,2013,2006,0.05,14,2907.88721,2617.8,"3213",1341.8,"Infinite","Jorde_Ryman"
1999,2014,2006.5,0.05,15,830.21808,748.2,"916.4",596.7,"1364.1","Jorde_Ryman"
1999,2015,2007,0.05,16,2011.20374,1807.8,"2225.3",1128.2,"9253.8","Jorde_Ryman"
1999,2016,2007.5,0.05,17,1359.72888,1226.1,"1500.2",897.3,"2805.2","Jorde_Ryman"
1999,2017,2008,0.05,18,2842.02002,2560.1,"3138.4",1467.3,"45009.6","Jorde_Ryman"
1999,2018,2008.5,0.05,19,1087.01013,980.8,"1198.6",733.2,"2101","Jorde_Ryman"
1999,2019,2009,0.05,20,902.68298,814.6,"995.2",594.2,"1877.6","Jorde_Ryman"
1999,2020,2009.5,0.05,21,1236.05273,1113.5,"1365",834.7,"2380.5","Jorde_Ryman"
2002,2004,2003,0.05,2,10500,-963.3,"Infinite",998.5,"Infinite","Jorde_Ryman"
2002,2006,2004,0.05,4,10500,-683.4,"Infinite",-2674.2,"Infinite","Jorde_Ryman"
2002,2008,2005,0.05,6,3413.41919,3091,"3751.6",977.2,"Infinite","Jorde_Ryman"
2002,2009,2005.5,0.05,7,10500,-4572.6,"Infinite",2753.1,"Infinite","Jorde_Ryman"
2002,2010,2006,0.05,8,8448.01074,7631.3,"9305.7",1236.1,"Infinite","Jorde_Ryman"
2002,2011,2006.5,0.05,9,10500,-3293.5,"Infinite",6422.1,"Infinite","Jorde_Ryman"
2002,2012,2007,0.05,10,10000,9170.1,"11115.8",1940.4,"Infinite","Jorde_Ryman"
2002,2013,2007.5,0.05,11,3377.43311,3055.7,"3715.1",1422.8,"Infinite","Jorde_Ryman"
2002,2014,2008,0.05,12,4066.05029,3683.5,"4467.2",1602.1,"Infinite","Jorde_Ryman"
2002,2015,2008.5,0.05,13,10500,-113868.1,"Infinite",3037.5,"Infinite","Jorde_Ryman"
2002,2016,2009,0.05,14,9018.2666,8169.3,"9908.5",2252.8,"Infinite","Jorde_Ryman"
2002,2017,2009.5,0.05,15,9689.27344,8766.2,"10657.9",2551.1,"Infinite","Jorde_Ryman"
2002,2018,2010,0.05,16,2042.72839,1851.2,"2243.5",1043.3,"48515.2","Jorde_Ryman"
2002,2019,2010.5,0.05,17,1586.03516,1437.3,"1741.9",805.1,"53056.2","Jorde_Ryman"
2002,2020,2011,0.05,18,1316.44055,1192,"1447",861.8,"2786","Jorde_Ryman"
2004,2006,2005,0.05,2,975.42975,883.6,"1071.8",290.5,"Infinite","Jorde_Ryman"
2004,2008,2006,0.05,4,1057.79211,957.5,"1163",473.3,"Infinite","Jorde_Ryman"
2004,2009,2006.5,0.05,5,2349.32202,2127.1,"2582.4",762.4,"Infinite","Jorde_Ryman"
2004,2010,2007,0.05,6,4118.18848,3720.3,"4536",859.7,"Infinite","Jorde_Ryman"
2004,2011,2007.5,0.05,7,3595.79614,3256.1,"3952.1",1069.4,"Infinite","Jorde_Ryman"
2004,2012,2008,0.05,8,1754.09802,1587.8,"1928.6",831.1,"Infinite","Jorde_Ryman"
2004,2013,2008.5,0.05,9,10500,-2677.7,"Infinite",7207.8,"Infinite","Jorde_Ryman"
2004,2014,2009,0.05,10,10500,-11249.1,"Infinite",2873.2,"Infinite","Jorde_Ryman"
2004,2015,2009.5,0.05,11,10500,-6728,"Infinite",3736.3,"Infinite","Jorde_Ryman"
2004,2016,2010,0.05,12,5180.86035,4688.2,"5697.8",1675.8,"Infinite","Jorde_Ryman"
2004,2017,2010.5,0.05,13,3342.59131,3024.2,"3676.7",1463.3,"Infinite","Jorde_Ryman"
2004,2018,2011,0.05,14,1464.93079,1327.4,"1609.2",764,"17742.9","Jorde_Ryman"
2004,2019,2011.5,0.05,15,1015.2301,920.1,"1115",577.1,"4218.2","Jorde_Ryman"
2004,2020,2012,0.05,16,1287.72314,1164.8,"1416.7",778.2,"3731","Jorde_Ryman"
2006,2008,2007,0.05,2,10500,-1701.2,"Infinite",663.8,"Infinite","Jorde_Ryman"
2006,2009,2007.5,0.05,3,10500,-709.9,"Infinite",4240.4,"Infinite","Jorde_Ryman"
2006,2010,2008,0.05,4,10500,-867.3,"Infinite",2312.8,"Infinite","Jorde_Ryman"
2006,2011,2008.5,0.05,5,10500,-1081.2,"Infinite",-7576.5,"Infinite","Jorde_Ryman"
2006,2012,2009,0.05,6,4786.07812,4335.8,"5258.3",940.3,"Infinite","Jorde_Ryman"
2006,2013,2009.5,0.05,7,2224.72046,2013.5,"2446.3",763.7,"Infinite","Jorde_Ryman"
2006,2014,2010,0.05,8,2537.84375,2299.9,"2787.3",913.1,"Infinite","Jorde_Ryman"
2006,2015,2010.5,0.05,9,10000,9193.8,"11169.7",1642.3,"Infinite","Jorde_Ryman"
2006,2016,2011,0.05,10,3037.73853,2751.8,"3337.6",1171.1,"Infinite","Jorde_Ryman"
2006,2017,2011.5,0.05,11,8614.51465,7797.3,"9471.9",1915.9,"Infinite","Jorde_Ryman"
2006,2018,2012,0.05,12,1266.06763,1146.8,"1391.1",645.1,"33858.5","Jorde_Ryman"
2006,2019,2012.5,0.05,13,1095.9353,993.1,"1203.7",556.4,"36118","Jorde_Ryman"
2006,2020,2013,0.05,14,834.75586,755.5,"917.9",536.5,"1880.1","Jorde_Ryman"
2008,2009,2008.5,0.05,1,10500,-294.3,"Infinite",1520.8,"Infinite","Jorde_Ryman"
2008,2010,2009,0.05,2,10500,-1858,"Infinite",448.5,"Infinite","Jorde_Ryman"
2008,2011,2009.5,0.05,3,1794.51025,1625.1,"1972.2",526.4,"Infinite","Jorde_Ryman"
2008,2012,2010,0.05,4,10500,-4306.9,"Infinite",1192.6,"Infinite","Jorde_Ryman"
2008,2013,2010.5,0.05,5,1127.4519,1019.5,"1240.8",514.8,"Infinite","Jorde_Ryman"
2008,2014,2011,0.05,6,1815.66309,1644.7,"1994.9",768.2,"Infinite","Jorde_Ryman"
2008,2015,2011.5,0.05,7,10500,-4288.1,"Infinite",2465.6,"Infinite","Jorde_Ryman"
2008,2016,2012,0.05,8,1807.23376,1635.9,"1987",842.5,"Infinite","Jorde_Ryman"
2008,2017,2012.5,0.05,9,10500,-26121.4,"Infinite",2234.1,"Infinite","Jorde_Ryman"
2008,2018,2013,0.05,10,1428.93738,1293.8,"1570.7",660.7,"Infinite","Jorde_Ryman"
2008,2019,2013.5,0.05,11,861.57458,780.3,"946.8",463.6,"6094.9","Jorde_Ryman"
2008,2020,2014,0.05,12,919.54974,831.8,"1011.6",558.3,"2605.5","Jorde_Ryman"
2009,2010,2009.5,0.05,1,10500,-205.4,"Infinite",600.6,"Infinite","Jorde_Ryman"
2009,2011,2010,0.05,2,10500,-565.6,"Infinite",2886.5,"Infinite","Jorde_Ryman"
2009,2012,2010.5,0.05,3,4778.83057,4324.9,"5255",541.3,"Infinite","Jorde_Ryman"
2009,2013,2011,0.05,4,1350.91528,1222.1,"1486.1",543.9,"Infinite","Jorde_Ryman"
2009,2014,2011.5,0.05,5,2213.17847,2004.5,"2432.1",689.2,"Infinite","Jorde_Ryman"
2009,2015,2012,0.05,6,10500,-1558.2,"Infinite",17136.8,"Infinite","Jorde_Ryman"
2009,2016,2012.5,0.05,7,10500,-7493.8,"Infinite",1890.7,"Infinite","Jorde_Ryman"
2009,2017,2013,0.05,8,10500,-4018.4,"Infinite",3417.8,"Infinite","Jorde_Ryman"
2009,2018,2013.5,0.05,9,1162.40967,1052.7,"1277.5",540.9,"Infinite","Jorde_Ryman"
2009,2019,2014,0.05,10,811.41345,735.4,"891.1",416.5,"15722.5","Jorde_Ryman"
2009,2020,2014.5,0.05,11,959.34778,867.8,"1055.4",525.6,"5493.2","Jorde_Ryman"
2010,2011,2010.5,0.05,1,10500,-242,"Infinite",695.6,"Infinite","Jorde_Ryman"
2010,2012,2011,0.05,2,2821.74072,2548.6,"3108.6",304.4,"Infinite","Jorde_Ryman"
2010,2013,2011.5,0.05,3,10500,-2169.7,"Infinite",605.6,"Infinite","Jorde_Ryman"
2010,2014,2012,0.05,4,2007.03015,1812.6,"2211.2",518.4,"Infinite","Jorde_Ryman"
2010,2015,2012.5,0.05,5,10500,-5588.1,"Infinite",1023.2,"Infinite","Jorde_Ryman"
2010,2016,2013,0.05,6,7981.24756,7205.7,"8795.8",952.8,"Infinite","Jorde_Ryman"
2010,2017,2013.5,0.05,7,10000,11851,"14488.7",1130.3,"Infinite","Jorde_Ryman"
2010,2018,2014,0.05,8,785.06885,709.6,"864.3",396.1,"43602.2","Jorde_Ryman"
2010,2019,2014.5,0.05,9,873.03088,789.6,"960.6",394.3,"Infinite","Jorde_Ryman"
2010,2020,2015,0.05,10,640.06421,577.6,"705.7",381.2,"1994.7","Jorde_Ryman"
2011,2012,2011.5,0.05,1,316.0253,286.3,"347.2",128.7,"Infinite","Jorde_Ryman"
2011,2013,2012,0.05,2,980.98737,887.6,"1079",305.4,"Infinite","Jorde_Ryman"
2011,2014,2012.5,0.05,3,1885.50281,1707.1,"2072.7",501.2,"Infinite","Jorde_Ryman"
2011,2015,2013,0.05,4,10500,-15366.3,"Infinite",1007.9,"Infinite","Jorde_Ryman"
2011,2016,2013.5,0.05,5,2025.80164,1834.5,"2226.4",682.9,"Infinite","Jorde_Ryman"
2011,2017,2014,0.05,6,1479.63843,1339.1,"1627.1",711.2,"Infinite","Jorde_Ryman"
2011,2018,2014.5,0.05,7,693.49524,628.4,"761.8",375.3,"4564.6","Jorde_Ryman"
2011,2019,2015,0.05,8,601.92383,545.4,"661.2",325.3,"4026.4","Jorde_Ryman"
2011,2020,2015.5,0.05,9,525.20251,475.4,"577.5",347.2,"1078.1","Jorde_Ryman"
2012,2013,2012.5,0.05,1,254.76634,230.3,"280.4",110.3,"Infinite","Jorde_Ryman"
2012,2014,2013,0.05,2,269.96057,244.6,"296.5",157,"962.7","Jorde_Ryman"
2012,2015,2013.5,0.05,3,687.14484,621.5,"756",303.8,"Infinite","Jorde_Ryman"
2012,2016,2014,0.05,4,765.12378,692.7,"841.1",389.7,"20912.2","Jorde_Ryman"
2012,2017,2014.5,0.05,5,1010.73389,914.6,"1111.6",481.9,"Infinite","Jorde_Ryman"
2012,2018,2015,0.05,6,915.76746,829.8,"1005.9",433.7,"Infinite","Jorde_Ryman"
2012,2019,2015.5,0.05,7,770.94495,698.7,"846.7",366.8,"Infinite","Jorde_Ryman"
2012,2020,2016,0.05,8,540.45929,489.1,"594.3",369.7,"1004.4","Jorde_Ryman"
2013,2014,2013.5,0.05,1,104.49395,94.5,"114.9",65.9,"251.7","Jorde_Ryman"
2013,2015,2014,0.05,2,772.8078,698,"851.4",283.9,"Infinite","Jorde_Ryman"
2013,2016,2014.5,0.05,3,609.94348,551.9,"670.9",307.5,"37644.3","Jorde_Ryman"
2013,2017,2015,0.05,4,622.88544,562.8,"686",336.6,"4167.3","Jorde_Ryman"
2013,2018,2015.5,0.05,5,572.65234,518.3,"629.7",299,"6752.2","Jorde_Ryman"
2013,2019,2016,0.05,6,299.55444,271.2,"329.3",192.4,"676.4","Jorde_Ryman"
2013,2020,2016.5,0.05,7,379.38925,343.1,"417.5",262.5,"683.7","Jorde_Ryman"
2014,2015,2014.5,0.05,1,2408.23608,2176.7,"2651.3",212.6,"Infinite","Jorde_Ryman"
2014,2016,2015,0.05,2,205.96007,186.5,"226.4",129.2,"506.9","Jorde_Ryman"
2014,2017,2015.5,0.05,3,721.29041,652.5,"793.5",331.2,"Infinite","Jorde_Ryman"
2014,2018,2016,0.05,4,426.58752,386.6,"468.5",225.5,"3949.2","Jorde_Ryman"
2014,2019,2016.5,0.05,5,416.40555,377.2,"457.5",212.7,"9930.8","Jorde_Ryman"
2014,2020,2017,0.05,6,302.24158,273.4,"332.5",207.7,"554.8","Jorde_Ryman"
2015,2016,2015.5,0.05,1,511.60168,462.5,"563.1",152,"Infinite","Jorde_Ryman"
2015,2017,2016,0.05,2,10500,-2169.1,"Infinite",522.5,"Infinite","Jorde_Ryman"
2015,2018,2016.5,0.05,3,372.02011,336.4,"409.4",181.7,"Infinite","Jorde_Ryman"
2015,2019,2017,0.05,4,389.4444,352.3,"428.4",186.2,"Infinite","Jorde_Ryman"
2015,2020,2017.5,0.05,5,389.6886,351.9,"429.4",233.6,"1175.5","Jorde_Ryman"
2016,2017,2016.5,0.05,1,184.1844,166.6,"202.7",96.8,"1912.4","Jorde_Ryman"
2016,2018,2017,0.05,2,169.95566,153.9,"186.8",96.6,"705.5","Jorde_Ryman"
2016,2019,2017.5,0.05,3,160.40268,145.3,"176.2",99.9,"406.3","Jorde_Ryman"
2016,2020,2018,0.05,4,244.65123,221.4,"269",158.6,"535.1","Jorde_Ryman"
2017,2018,2017.5,0.05,1,117.25333,106.2,"128.8",60.5,"1908.1","Jorde_Ryman"
2017,2019,2018,0.05,2,192.79959,174.6,"211.9",93.7,"Infinite","Jorde_Ryman"
2017,2020,2018.5,0.05,3,216.10533,195.3,"237.9",137.9,"498.9","Jorde_Ryman"
2018,2019,2018.5,0.05,1,1247.17212,1130.2,"1369.8",181.1,"Infinite","Jorde_Ryman"
2018,2020,2019,0.05,2,322.72076,291.9,"355",186.5,"1196.5","Jorde_Ryman"
2019,2020,2019.5,0.05,1,78.20315,70.7,"86",53.1,"148.1","Jorde_Ryman"
1995,1996,1995.5,0.05,1,10500,414,"Infinite",199.1,"Infinite","Nei_Tajima"
1995,1997,1996,0.05,2,10500,478.4,"Infinite",288.2,"Infinite","Nei_Tajima"
1995,1998,1996.5,0.05,3,4685.08301,551.1,"Infinite",492.5,"Infinite","Nei_Tajima"
1995,1999,1997,0.05,4,10500,1076.7,"Infinite",822.8,"Infinite","Nei_Tajima"
1995,2002,1998.5,0.05,7,924.58667,542.8,"2348.9",416.8,"1534.7","Nei_Tajima"
1995,2004,1999.5,0.05,9,3128.38745,1166,"Infinite",767.3,"9196.4","Nei_Tajima"
1995,2006,2000.5,0.05,11,3027.27539,1293.1,"Infinite",934.5,"52391.4","Nei_Tajima"
1995,2008,2001.5,0.05,13,2110.23926,1147.9,"7612.3",1022.3,"4548.5","Nei_Tajima"
1995,2009,2002,0.05,14,10000,2688.9,"Infinite",1732.3,"Infinite","Nei_Tajima"
1995,2010,2002.5,0.05,15,10500,2622.9,"Infinite",1467.5,"Infinite","Nei_Tajima"
1995,2011,2003,0.05,16,5807.3335,2113.8,"Infinite",1683.4,"Infinite","Nei_Tajima"
1995,2012,2003.5,0.05,17,1781.36072,1130.8,"3538.3",916,"2651.3","Nei_Tajima"
1995,2013,2004,0.05,18,10000,3082.5,"Infinite",1939.2,"Infinite","Nei_Tajima"
1995,2014,2004.5,0.05,19,2527.13135,1477.3,"6515.7",1011.7,"3617.7","Nei_Tajima"
1995,2015,2005,0.05,20,6273.49463,2435.3,"Infinite",1888.4,"Infinite","Nei_Tajima"
1995,2016,2005.5,0.05,21,3894.74512,1991.9,"22033.9",1307.8,"10681.3","Nei_Tajima"
1995,2017,2006,0.05,22,3494.19019,1884.9,"13146.1",1294.7,"6017.4","Nei_Tajima"
1995,2018,2006.5,0.05,23,2257.57642,1458.4,"4282.8",915.1,"3042.2","Nei_Tajima"
1995,2019,2007,0.05,24,1828.54956,1257.7,"3002.8",736.8,"2355","Nei_Tajima"
1995,2020,2007.5,0.05,25,1809.1842,1255.9,"2916.4",899.8,"2576","Nei_Tajima"
1996,1997,1996.5,0.05,1,10500,391.2,"Infinite",283.1,"Infinite","Nei_Tajima"
1996,1998,1997,0.05,2,10500,3251.3,"Infinite",1832.6,"Infinite","Nei_Tajima"
1996,1999,1997.5,0.05,3,1045.12573,345.6,"Infinite",467.3,"Infinite","Nei_Tajima"
1996,2002,1999,0.05,6,1246.1637,608.6,"12800.1",651.7,"Infinite","Nei_Tajima"
1996,2004,2000,0.05,8,10500,2936.7,"Infinite",1615.7,"Infinite","Nei_Tajima"
1996,2006,2001,0.05,10,3643.74414,1324.7,"Infinite",894.2,"10614","Nei_Tajima"
1996,2008,2002,0.05,12,2949.2915,1333.5,"Infinite",1311.5,"Infinite","Nei_Tajima"
1996,2009,2002.5,0.05,13,8103.07129,2050.1,"Infinite",1301.4,"Infinite","Nei_Tajima"
1996,2010,2003,0.05,14,10500,3320.9,"Infinite",2487.5,"Infinite","Nei_Tajima"
1996,2011,2003.5,0.05,15,9468.61914,2392.6,"Infinite",2218.4,"Infinite","Nei_Tajima"
1996,2012,2004,0.05,16,2276.39209,1303.2,"6397.2",1180.5,"5206","Nei_Tajima"
1996,2013,2004.5,0.05,17,10000,3054.2,"Infinite",2200,"Infinite","Nei_Tajima"
1996,2014,2005,0.05,18,3561.77368,1776.5,"26541.6",1438.4,"15588.1","Nei_Tajima"
1996,2015,2005.5,0.05,19,6502.271,2395.8,"Infinite",1946.9,"Infinite","Nei_Tajima"
1996,2016,2006,0.05,20,4050.46851,1990.9,"37244.7",1611.9,"21103.2","Nei_Tajima"
1996,2017,2006.5,0.05,21,4981.31201,2240.4,"Infinite",1878.2,"35560.2","Nei_Tajima"
1996,2018,2007,0.05,22,2348.62793,1474.7,"4802.1",991.8,"5073.8","Nei_Tajima"
1996,2019,2007.5,0.05,23,1712.79639,1189.6,"2761.5",690.5,"2605.8","Nei_Tajima"
1996,2020,2008,0.05,24,2129.43799,1403.5,"3842",987.4,"3441.1","Nei_Tajima"
1997,1998,1997.5,0.05,1,10500,270.9,"Infinite",203,"Infinite","Nei_Tajima"
1997,1999,1998,0.05,2,10500,357,"Infinite",389.3,"Infinite","Nei_Tajima"
1997,2002,1999.5,0.05,5,469.28558,300.2,"911.3",311.8,"1180.1","Nei_Tajima"
1997,2004,2000.5,0.05,7,1273.97156,638,"8921.5",493.8,"3258.2","Nei_Tajima"
1997,2006,2001.5,0.05,9,1004.39001,607.1,"2298.3",545.6,"2064.3","Nei_Tajima"
1997,2008,2002.5,0.05,11,1068.13013,675.6,"2135.3",542.1,"1830.7","Nei_Tajima"
1997,2009,2003,0.05,12,1454.93091,855.3,"3665.2",674.1,"2250.3","Nei_Tajima"
1997,2010,2003.5,0.05,13,2858.72534,1131.1,"Infinite",778.8,"20929.1","Nei_Tajima"
1997,2011,2004,0.05,14,1346.66931,853.4,"2678",750.2,"3024","Nei_Tajima"
1997,2012,2004.5,0.05,15,1093.62317,746,"1824.8",610.5,"1539.4","Nei_Tajima"
1997,2013,2005,0.05,16,2175.83325,1210.7,"6873.5",1085.6,"5334.8","Nei_Tajima"
1997,2014,2005.5,0.05,17,1311.20813,880.7,"2260.5",702.4,"1667","Nei_Tajima"
1997,2015,2006,0.05,18,2168.68359,1253.2,"5786.7",1082.6,"4100.3","Nei_Tajima"
1997,2016,2006.5,0.05,19,1657.98425,1079.4,"3078",882.9,"2590.3","Nei_Tajima"
1997,2017,2007,0.05,20,2068.47363,1269,"4506.6",1044.7,"3987.4","Nei_Tajima"
1997,2018,2007.5,0.05,21,1429.33447,993.4,"2298",717.4,"2032.8","Nei_Tajima"
1997,2019,2008,0.05,22,1001.4292,754.9,"1393.7",522.3,"1235","Nei_Tajima"
1997,2020,2008.5,0.05,23,1501.32495,1044.2,"2406.4",785.4,"2103.9","Nei_Tajima"
1998,1999,1998.5,0.05,1,747.66699,145,"Infinite",227.2,"Infinite","Nei_Tajima"
1998,2002,2000,0.05,4,10500,993.4,"Infinite",865.9,"Infinite","Nei_Tajima"
1998,2004,2001,0.05,6,5604.31689,1059.7,"Infinite",703.5,"Infinite","Nei_Tajima"
1998,2006,2002,0.05,8,10500,7216.6,"Infinite",2734,"Infinite","Nei_Tajima"
1998,2008,2003,0.05,10,10500,3003,"Infinite",2049.3,"Infinite","Nei_Tajima"
1998,2009,2003.5,0.05,11,10500,4940.5,"Infinite",3085,"Infinite","Nei_Tajima"
1998,2010,2004,0.05,12,10500,-9363.9,"Infinite",4836.5,"Infinite","Nei_Tajima"
1998,2011,2004.5,0.05,13,10000,2721.1,"Infinite",2481.9,"Infinite","Nei_Tajima"
1998,2012,2005,0.05,14,10000,2788.4,"Infinite",1856.5,"Infinite","Nei_Tajima"
1998,2013,2005.5,0.05,15,8845.37402,2332.8,"Infinite",1982.7,"Infinite","Nei_Tajima"
1998,2014,2006,0.05,16,10000,2744.2,"Infinite",2134,"Infinite","Nei_Tajima"
1998,2015,2006.5,0.05,17,10500,5983.4,"Infinite",5023.7,"Infinite","Nei_Tajima"
1998,2016,2007,0.05,18,10000,3172.8,"Infinite",2142.4,"Infinite","Nei_Tajima"
1998,2017,2007.5,0.05,19,10000,2875.5,"Infinite",2427.1,"Infinite","Nei_Tajima"
1998,2018,2008,0.05,20,3797.07666,1945.7,"21192.6",1340.6,"Infinite","Nei_Tajima"
1998,2019,2008.5,0.05,21,2108.92603,1359.5,"4022.6",844.2,"4295.5","Nei_Tajima"
1998,2020,2009,0.05,22,2015.91467,1319.6,"3694.6",901.4,"3148.1","Nei_Tajima"
1999,2002,2000.5,0.05,3,255.96777,166,"479.6",204.3,"910","Nei_Tajima"
1999,2004,2001.5,0.05,5,469.62247,294.2,"961.5",275.5,"1067.1","Nei_Tajima"
1999,2006,2002.5,0.05,7,693.7478,430.4,"1463.6",485.4,"2881.5","Nei_Tajima"
1999,2008,2003.5,0.05,9,866.81024,540.8,"1797.5",587.3,"3375","Nei_Tajima"
1999,2009,2004,0.05,10,1508.18518,800.3,"6270.5",796.7,"14392.5","Nei_Tajima"
1999,2010,2004.5,0.05,11,2847.64795,1003.8,"Infinite",848.9,"Infinite","Nei_Tajima"
1999,2011,2005,0.05,12,1655.01135,903,"5777.3",1325.1,"Infinite","Nei_Tajima"
1999,2012,2005.5,0.05,13,1397.5813,841.8,"3228.2",894.5,"5202.6","Nei_Tajima"
1999,2013,2006,0.05,14,3474.73804,1438.1,"Infinite",1341.8,"Infinite","Nei_Tajima"
1999,2014,2006.5,0.05,15,970.17688,672.6,"1564.2",596.7,"1364.1","Nei_Tajima"
1999,2015,2007,0.05,16,1685.74597,1003.2,"4030.9",1128.2,"9253.8","Nei_Tajima"
1999,2016,2007.5,0.05,17,1218.92407,823.5,"2074.8",897.3,"2805.2","Nei_Tajima"
1999,2017,2008,0.05,18,2457.02881,1341.3,"8575.5",1467.3,"45009.6","Nei_Tajima"
1999,2018,2008.5,0.05,19,1112.36877,789.9,"1713.9",733.2,"2101","Nei_Tajima"
1999,2019,2009,0.05,20,1054.75159,766,"1560.8",594.2,"1877.6","Nei_Tajima"
1999,2020,2009.5,0.05,21,1212.66394,857.4,"1881.4",834.7,"2380.5","Nei_Tajima"
2002,2004,2003,0.05,2,10500,752.1,"Infinite",998.5,"Infinite","Nei_Tajima"
2002,2006,2004,0.05,4,10500,-1987.7,"Infinite",-2674.2,"Infinite","Nei_Tajima"
2002,2008,2005,0.05,6,2650.84326,890.6,"Infinite",977.2,"Infinite","Nei_Tajima"
2002,2009,2005.5,0.05,7,10500,3576.3,"Infinite",2753.1,"Infinite","Nei_Tajima"
2002,2010,2006,0.05,8,10000,1286.6,"Infinite",1236.1,"Infinite","Nei_Tajima"
2002,2011,2006.5,0.05,9,10500,4513.9,"Infinite",6422.1,"Infinite","Nei_Tajima"
2002,2012,2007,0.05,10,10000,1918.1,"Infinite",1940.4,"Infinite","Nei_Tajima"
2002,2013,2007.5,0.05,11,3779.5813,1457.5,"Infinite",1422.8,"Infinite","Nei_Tajima"
2002,2014,2008,0.05,12,4879.46826,1731.5,"Infinite",1602.1,"Infinite","Nei_Tajima"
2002,2015,2008.5,0.05,13,10000,2280.8,"Infinite",3037.5,"Infinite","Nei_Tajima"
2002,2016,2009,0.05,14,7485.91016,2215.1,"Infinite",2252.8,"Infinite","Nei_Tajima"
2002,2017,2009.5,0.05,15,8336.61621,2360.1,"Infinite",2551.1,"Infinite","Nei_Tajima"
2002,2018,2010,0.05,16,2542.53467,1432.2,"7723.7",1043.3,"48515.2","Nei_Tajima"
2002,2019,2010.5,0.05,17,2862.78516,1575.6,"9765.4",805.1,"53056.2","Nei_Tajima"
2002,2020,2011,0.05,18,1627.90527,1087.7,"2852.1",861.8,"2786","Nei_Tajima"
2004,2006,2005,0.05,2,10500,629.6,"Infinite",290.5,"Infinite","Nei_Tajima"
2004,2008,2006,0.05,4,2065.39185,624.6,"Infinite",473.3,"Infinite","Nei_Tajima"
2004,2009,2006.5,0.05,5,10500,1620,"Infinite",762.4,"Infinite","Nei_Tajima"
2004,2010,2007,0.05,6,10000,1030.2,"Infinite",859.7,"Infinite","Nei_Tajima"
2004,2011,2007.5,0.05,7,10000,1408.6,"Infinite",1069.4,"Infinite","Nei_Tajima"
2004,2012,2008,0.05,8,4138.53418,1250.2,"Infinite",831.1,"Infinite","Nei_Tajima"
2004,2013,2008.5,0.05,9,10500,11065.7,"Infinite",7207.8,"Infinite","Nei_Tajima"
2004,2014,2009,0.05,10,10500,4743.9,"Infinite",2873.2,"Infinite","Nei_Tajima"
2004,2015,2009.5,0.05,11,10500,6600.6,"Infinite",3736.3,"Infinite","Nei_Tajima"
2004,2016,2010,0.05,12,10000,2671.2,"Infinite",1675.8,"Infinite","Nei_Tajima"
2004,2017,2010.5,0.05,13,5482.5,1854.7,"Infinite",1463.3,"Infinite","Nei_Tajima"
2004,2018,2011,0.05,14,2686.30518,1400,"13092.1",764,"17742.9","Nei_Tajima"
2004,2019,2011.5,0.05,15,1796.71606,1115.5,"3810.7",577.1,"4218.2","Nei_Tajima"
2004,2020,2012,0.05,16,2005.09436,1211.9,"4607.2",778.2,"3731","Nei_Tajima"
2006,2008,2007,0.05,2,10500,543,"Infinite",663.8,"Infinite","Nei_Tajima"
2006,2009,2007.5,0.05,3,10500,-2267.9,"Infinite",4240.4,"Infinite","Nei_Tajima"
2006,2010,2008,0.05,4,10500,11855.4,"Infinite",2312.8,"Infinite","Nei_Tajima"
2006,2011,2008.5,0.05,5,10500,18411.7,"Infinite",-7576.5,"Infinite","Nei_Tajima"
2006,2012,2009,0.05,6,10500,2624.9,"Infinite",940.3,"Infinite","Nei_Tajima"
2006,2013,2009.5,0.05,7,10500,1651.9,"Infinite",763.7,"Infinite","Nei_Tajima"
2006,2014,2010,0.05,8,5647.17725,1386.8,"Infinite",913.1,"Infinite","Nei_Tajima"
2006,2015,2010.5,0.05,9,10000,1835.5,"Infinite",1642.3,"Infinite","Nei_Tajima"
2006,2016,2011,0.05,10,3785.17163,1391.2,"Infinite",1171.1,"Infinite","Nei_Tajima"
2006,2017,2011.5,0.05,11,10000,2223.2,"Infinite",1915.9,"Infinite","Nei_Tajima"
2006,2018,2012,0.05,12,2685.54956,1305.6,"31193.8",645.1,"33858.5","Nei_Tajima"
2006,2019,2012.5,0.05,13,2385.36694,1267.5,"10068.2",556.4,"36118","Nei_Tajima"
2006,2020,2013,0.05,14,1209.41895,816.2,"2071.4",536.5,"1880.1","Nei_Tajima"
2008,2009,2008.5,0.05,1,10500,408.1,"Infinite",1520.8,"Infinite","Nei_Tajima"
2008,2010,2009,0.05,2,10000,346.4,"Infinite",448.5,"Infinite","Nei_Tajima"
2008,2011,2009.5,0.05,3,1584.77856,473.3,"Infinite",526.4,"Infinite","Nei_Tajima"
2008,2012,2010,0.05,4,10500,1555.4,"Infinite",1192.6,"Infinite","Nei_Tajima"
2008,2013,2010.5,0.05,5,2045.13599,707.8,"Infinite",514.8,"Infinite","Nei_Tajima"
2008,2014,2011,0.05,6,3018.31079,934.7,"Infinite",768.2,"Infinite","Nei_Tajima"
2008,2015,2011.5,0.05,7,10500,2091.8,"Infinite",2465.6,"Infinite","Nei_Tajima"
2008,2016,2012,0.05,8,2123.10767,944.9,"Infinite",842.5,"Infinite","Nei_Tajima"
2008,2017,2012.5,0.05,9,10000,1951.5,"Infinite",2234.1,"Infinite","Nei_Tajima"
2008,2018,2013,0.05,10,2048.36548,1034.8,"13336.7",660.7,"Infinite","Nei_Tajima"
2008,2019,2013.5,0.05,11,1231.12415,778.6,"2473.9",463.6,"6094.9","Nei_Tajima"
2008,2020,2014,0.05,12,1200.69604,778.1,"2260",558.3,"2605.5","Nei_Tajima"
2009,2010,2009.5,0.05,1,10500,-693.1,"Infinite",600.6,"Infinite","Nei_Tajima"
2009,2011,2010,0.05,2,10500,-2921.8,"Infinite",2886.5,"Infinite","Nei_Tajima"
2009,2012,2010.5,0.05,3,10500,1148.7,"Infinite",541.3,"Infinite","Nei_Tajima"
2009,2013,2011,0.05,4,3178.10107,697.7,"Infinite",543.9,"Infinite","Nei_Tajima"
2009,2014,2011.5,0.05,5,10000,1142,"Infinite",689.2,"Infinite","Nei_Tajima"
2009,2015,2012,0.05,6,10500,3599.8,"Infinite",17136.8,"Infinite","Nei_Tajima"
2009,2016,2012.5,0.05,7,10500,1862.2,"Infinite",1890.7,"Infinite","Nei_Tajima"
2009,2017,2013,0.05,8,10500,5694.6,"Infinite",3417.8,"Infinite","Nei_Tajima"
2009,2018,2013.5,0.05,9,1618.08899,864.8,"6549.4",540.9,"Infinite","Nei_Tajima"
2009,2019,2014,0.05,10,1505.46985,865.1,"4189.1",416.5,"15722.5","Nei_Tajima"
2009,2020,2014.5,0.05,11,1317.80273,808.5,"2887.7",525.6,"5493.2","Nei_Tajima"
2010,2011,2010.5,0.05,1,10500,264.6,"Infinite",695.6,"Infinite","Nei_Tajima"
2010,2012,2011,0.05,2,10500,453,"Infinite",304.4,"Infinite","Nei_Tajima"
2010,2013,2011.5,0.05,3,10500,1166.2,"Infinite",605.6,"Infinite","Nei_Tajima"
2010,2014,2012,0.05,4,1550.52258,469.9,"Infinite",518.4,"Infinite","Nei_Tajima"
2010,2015,2012.5,0.05,5,10500,921.6,"Infinite",1023.2,"Infinite","Nei_Tajima"
2010,2016,2013,0.05,6,10000,1016.6,"Infinite",952.8,"Infinite","Nei_Tajima"
2010,2017,2013.5,0.05,7,3691.51953,881,"Infinite",1130.3,"Infinite","Nei_Tajima"
2010,2018,2014,0.05,8,1165.37231,604.2,"5839.3",396.1,"43602.2","Nei_Tajima"
2010,2019,2014.5,0.05,9,1537.6394,745.1,"18662.5",394.3,"Infinite","Nei_Tajima"
2010,2020,2015,0.05,10,803.02161,509.9,"1587.7",381.2,"1994.7","Nei_Tajima"
2011,2012,2011.5,0.05,1,1061.50525,189.8,"Infinite",128.7,"Infinite","Nei_Tajima"
2011,2013,2012,0.05,2,10500,526.7,"Infinite",305.4,"Infinite","Nei_Tajima"
2011,2014,2012.5,0.05,3,4808.32861,607,"Infinite",501.2,"Infinite","Nei_Tajima"
2011,2015,2013,0.05,4,2380.82324,641.4,"Infinite",1007.9,"Infinite","Nei_Tajima"
2011,2016,2013.5,0.05,5,3261.03296,836.3,"Infinite",682.9,"Infinite","Nei_Tajima"
2011,2017,2014,0.05,6,1417.01538,662.7,"83124.1",711.2,"Infinite","Nei_Tajima"
2011,2018,2014.5,0.05,7,989.36987,580.7,"2529.4",375.3,"4564.6","Nei_Tajima"
2011,2019,2015,0.05,8,1196.36755,687.6,"3323.5",325.3,"4026.4","Nei_Tajima"
2011,2020,2015.5,0.05,9,676.56921,472.2,"1080.5",347.2,"1078.1","Nei_Tajima"
2012,2013,2012.5,0.05,1,364.65277,135,"Infinite",110.3,"Infinite","Nei_Tajima"
2012,2014,2013,0.05,2,377.96381,198.9,"1707.1",157,"962.7","Nei_Tajima"
2012,2015,2013.5,0.05,3,857.37646,363.7,"Infinite",303.8,"Infinite","Nei_Tajima"
2012,2016,2014,0.05,4,923.60626,440.2,"18095.3",389.7,"20912.2","Nei_Tajima"
2012,2017,2014.5,0.05,5,1277.78113,574.4,"Infinite",481.9,"Infinite","Nei_Tajima"
2012,2018,2015,0.05,6,1394.66479,667.6,"24141.3",433.7,"Infinite","Nei_Tajima"
2012,2019,2015.5,0.05,7,1138.19739,635,"3621.6",366.8,"Infinite","Nei_Tajima"
2012,2020,2016,0.05,8,721.59082,481.4,"1268.1",369.7,"1004.4","Nei_Tajima"
2013,2014,2013.5,0.05,1,142.76942,82.8,"380.5",65.9,"251.7","Nei_Tajima"
2013,2015,2014,0.05,2,694.67029,259.9,"Infinite",283.9,"Infinite","Nei_Tajima"
2013,2016,2014.5,0.05,3,795.46466,350.6,"Infinite",307.5,"37644.3","Nei_Tajima"
2013,2017,2015,0.05,4,763.04773,388,"4561",336.6,"4167.3","Nei_Tajima"
2013,2018,2015.5,0.05,5,684.04156,402.4,"1729.2",299,"6752.2","Nei_Tajima"
2013,2019,2016,0.05,6,476.36316,328.6,"779",192.4,"676.4","Nei_Tajima"
2013,2020,2016.5,0.05,7,466.62387,332.5,"715.5",262.5,"683.7","Nei_Tajima"
2014,2015,2014.5,0.05,1,3959.08276,213.4,"Infinite",212.6,"Infinite","Nei_Tajima"
2014,2016,2015,0.05,2,295.62631,170,"818.1",129.2,"506.9","Nei_Tajima"
2014,2017,2015.5,0.05,3,748.71088,340.3,"Infinite",331.2,"Infinite","Nei_Tajima"
2014,2018,2016,0.05,4,625.67255,354.7,"1847.1",225.5,"3949.2","Nei_Tajima"
2014,2019,2016.5,0.05,5,819.87714,455.3,"2665",212.7,"9930.8","Nei_Tajima"
2014,2020,2017,0.05,6,403.44818,288.2,"615.9",207.7,"554.8","Nei_Tajima"
2015,2016,2015.5,0.05,1,1420.34424,192,"Infinite",152,"Infinite","Nei_Tajima"
2015,2017,2016,0.05,2,10500,672.5,"Infinite",522.5,"Infinite","Nei_Tajima"
2015,2018,2016.5,0.05,3,490.58786,268.3,"1719.6",181.7,"Infinite","Nei_Tajima"
2015,2019,2017,0.05,4,618.9765,347.3,"1905.7",186.2,"Infinite","Nei_Tajima"
2015,2020,2017.5,0.05,5,550.05219,343,"1144.8",233.6,"1175.5","Nei_Tajima"
2016,2017,2016.5,0.05,1,275.49628,118.8,"Infinite",96.8,"1912.4","Nei_Tajima"
2016,2018,2017,0.05,2,257.76358,155.3,"600.3",96.6,"705.5","Nei_Tajima"
2016,2019,2017.5,0.05,3,252.2149,172.2,"421.6",99.9,"406.3","Nei_Tajima"
2016,2020,2018,0.05,4,335.64706,227.7,"568.4",158.6,"535.1","Nei_Tajima"
2017,2018,2017.5,0.05,1,132.36003,78.7,"322.4",60.5,"1908.1","Nei_Tajima"
2017,2019,2018,0.05,2,278.65695,162.5,"728.5",93.7,"Infinite","Nei_Tajima"
2017,2020,2018.5,0.05,3,280.30124,183.3,"515.2",137.9,"498.9","Nei_Tajima"
2018,2019,2018.5,0.05,1,10500,244.1,"Infinite",181.1,"Infinite","Nei_Tajima"
2018,2020,2019,0.05,2,416.92542,206.4,"3477.7",186.5,"1196.5","Nei_Tajima"
2019,2020,2019.5,0.05,1,148.67146,84.6,"430",53.1,"148.1","Nei_Tajima"
1995,1996,1995.5,0.05,1,10500,323.7,"Infinite",199.1,"Infinite","Pollak"
1995,1997,1996,0.05,2,5735.46484,696.6,"Infinite",288.2,"Infinite","Pollak"
1995,1998,1996.5,0.05,3,2702.56714,587.7,"Infinite",492.5,"Infinite","Pollak"
1995,1999,1997,0.05,4,10500,861.2,"Infinite",822.8,"Infinite","Pollak"
1995,2002,1998.5,0.05,7,886.97809,546.5,"2408",416.8,"1534.7","Pollak"
1995,2004,1999.5,0.05,9,3356.63525,1291.2,"Infinite",767.3,"9196.4","Pollak"
1995,2006,2000.5,0.05,11,2708.73193,1292.4,"Infinite",934.5,"52391.4","Pollak"
1995,2008,2001.5,0.05,13,1946.99915,1134.7,"7160",1022.3,"4548.5","Pollak"
1995,2009,2002,0.05,14,10000,2894.1,"Infinite",1732.3,"Infinite","Pollak"
1995,2010,2002.5,0.05,15,10500,2160.5,"Infinite",1467.5,"Infinite","Pollak"
1995,2011,2003,0.05,16,5542.19043,2214,"Infinite",1683.4,"Infinite","Pollak"
1995,2012,2003.5,0.05,17,1747.99683,1150.9,"3705.5",916,"2651.3","Pollak"
1995,2013,2004,0.05,18,10000,3302,"Infinite",1939.2,"Infinite","Pollak"
1995,2014,2004.5,0.05,19,2506.13452,1520.2,"7255.4",1011.7,"3617.7","Pollak"
1995,2015,2005,0.05,20,5435.78857,2594.6,"Infinite",1888.4,"Infinite","Pollak"
1995,2016,2005.5,0.05,21,4245.40771,2261.3,"Infinite",1307.8,"10681.3","Pollak"
1995,2017,2006,0.05,22,3343.66455,2015.7,"20884.5",1294.7,"6017.4","Pollak"
1995,2018,2006.5,0.05,23,2212.65234,1478.9,"4431",915.1,"3042.2","Pollak"
1995,2019,2007,0.05,24,1808.75244,1275.5,"3087.1",736.8,"2355","Pollak"
1995,2020,2007.5,0.05,25,1807.8855,1294.7,"3093.3",899.8,"2576","Pollak"
1996,1997,1996.5,0.05,1,10500,293.6,"Infinite",283.1,"Infinite","Pollak"
1996,1998,1997,0.05,2,10500,1628.7,"Infinite",1832.6,"Infinite","Pollak"
1996,1999,1997.5,0.05,3,641.90649,346.3,"Infinite",467.3,"Infinite","Pollak"
1996,2002,1999,0.05,6,1054.17651,579.5,"6857.2",651.7,"Infinite","Pollak"
1996,2004,2000,0.05,8,10500,2358.6,"Infinite",1615.7,"Infinite","Pollak"
1996,2006,2001,0.05,10,3075.23901,1315.5,"Infinite",894.2,"10614","Pollak"
1996,2008,2002,0.05,12,2517.0415,1294.3,"299203.6",1311.5,"Infinite","Pollak"
1996,2009,2002.5,0.05,13,5539.69189,1963,"Infinite",1301.4,"Infinite","Pollak"
1996,2010,2003,0.05,14,10000,2564.1,"Infinite",2487.5,"Infinite","Pollak"
1996,2011,2003.5,0.05,15,8377.98633,2516.8,"Infinite",2218.4,"Infinite","Pollak"
1996,2012,2004,0.05,16,2174.50464,1317.5,"6690.1",1180.5,"5206","Pollak"
1996,2013,2004.5,0.05,17,10000,2997.6,"Infinite",2200,"Infinite","Pollak"
1996,2014,2005,0.05,18,3396.0625,1811.9,"34909.9",1438.4,"15588.1","Pollak"
1996,2015,2005.5,0.05,19,6218.44824,2658.9,"Infinite",1946.9,"Infinite","Pollak"
1996,2016,2006,0.05,20,3575.09595,1986.7,"36082.7",1611.9,"21103.2","Pollak"
1996,2017,2006.5,0.05,21,4291.16113,2286.4,"Infinite",1878.2,"35560.2","Pollak"
1996,2018,2007,0.05,22,2072.37329,1392.9,"4150.5",991.8,"5073.8","Pollak"
1996,2019,2007.5,0.05,23,1577.49854,1140.7,"2552.5",690.5,"2605.8","Pollak"
1996,2020,2008,0.05,24,2077.49756,1433,"4028.3",987.4,"3441.1","Pollak"
1997,1998,1997.5,0.05,1,10500,223.1,"Infinite",203,"Infinite","Pollak"
1997,1999,1998,0.05,2,1030.72949,442.3,"Infinite",389.3,"Infinite","Pollak"
1997,2002,1999.5,0.05,5,463.25482,329.3,"1168.8",311.8,"1180.1","Pollak"
1997,2004,2000.5,0.05,7,1411.37573,801.2,"Infinite",493.8,"3258.2","Pollak"
1997,2006,2001.5,0.05,9,1004.29712,684.3,"3535.3",545.6,"2064.3","Pollak"
1997,2008,2002.5,0.05,11,1081.34888,755.4,"2938.3",542.1,"1830.7","Pollak"
1997,2009,2003,0.05,12,1513.56274,999.6,"7429",674.1,"2250.3","Pollak"
1997,2010,2003.5,0.05,13,3015.35107,1480.4,"Infinite",778.8,"20929.1","Pollak"
1997,2011,2004,0.05,14,1452.76074,1002.3,"4331",750.2,"3024","Pollak"
1997,2012,2004.5,0.05,15,1118.82373,826.5,"2267",610.5,"1539.4","Pollak"
1997,2013,2005,0.05,16,1972.35461,1308.2,"10490",1085.6,"5334.8","Pollak"
1997,2014,2005.5,0.05,17,1415.37891,1017.7,"3149.8",702.4,"1667","Pollak"
1997,2015,2006,0.05,18,1886.71033,1325.8,"7286.1",1082.6,"4100.3","Pollak"
1997,2016,2006.5,0.05,19,1636.90869,1189.5,"3927.7",882.9,"2590.3","Pollak"
1997,2017,2007,0.05,20,1960.98083,1411.9,"6378.9",1044.7,"3987.4","Pollak"
1997,2018,2007.5,0.05,21,1376.55981,1039,"2507",717.4,"2032.8","Pollak"
1997,2019,2008,0.05,22,988.72668,784.9,"1479.5",522.3,"1235","Pollak"
1997,2020,2008.5,0.05,23,1574.66895,1186.8,"3110.7",785.4,"2103.9","Pollak"
1998,1999,1998.5,0.05,1,532.23645,170.2,"Infinite",227.2,"Infinite","Pollak"
1998,2002,2000,0.05,4,10000,909,"Infinite",865.9,"Infinite","Pollak"
1998,2004,2001,0.05,6,3411.55566,972.1,"Infinite",703.5,"Infinite","Pollak"
1998,2006,2002,0.05,8,10500,4613.5,"Infinite",2734,"Infinite","Pollak"
1998,2008,2003,0.05,10,10500,2497.4,"Infinite",2049.3,"Infinite","Pollak"
1998,2009,2003.5,0.05,11,10500,3851,"Infinite",3085,"Infinite","Pollak"
1998,2010,2004,0.05,12,10500,-36003.4,"Infinite",4836.5,"Infinite","Pollak"
1998,2011,2004.5,0.05,13,10000,2744.7,"Infinite",2481.9,"Infinite","Pollak"
1998,2012,2005,0.05,14,10000,2613.4,"Infinite",1856.5,"Infinite","Pollak"
1998,2013,2005.5,0.05,15,6553.17334,2225.7,"Infinite",1982.7,"Infinite","Pollak"
1998,2014,2006,0.05,16,10000,2756.4,"Infinite",2134,"Infinite","Pollak"
1998,2015,2006.5,0.05,17,10500,4835,"Infinite",5023.7,"Infinite","Pollak"
1998,2016,2007,0.05,18,10000,3778.3,"Infinite",2142.4,"Infinite","Pollak"
1998,2017,2007.5,0.05,19,9713.49121,3220.6,"Infinite",2427.1,"Infinite","Pollak"
1998,2018,2008,0.05,20,3393.85132,1869.9,"15549",1340.6,"Infinite","Pollak"
1998,2019,2008.5,0.05,21,1906.39465,1285.2,"3526.6",844.2,"4295.5","Pollak"
1998,2020,2009,0.05,22,1961.20422,1333.3,"3783.4",901.4,"3148.1","Pollak"
1999,2002,2000.5,0.05,3,239.72301,166.5,"483",204.3,"910","Pollak"
1999,2004,2001.5,0.05,5,450.461,303,"1042.2",275.5,"1067.1","Pollak"
1999,2006,2002.5,0.05,7,662.66193,442.8,"1586.8",485.4,"2881.5","Pollak"
1999,2008,2003.5,0.05,9,812.13409,547.1,"1855.3",587.3,"3375","Pollak"
1999,2009,2004,0.05,10,1540.48865,886.3,"16550.4",796.7,"14392.5","Pollak"
1999,2010,2004.5,0.05,11,2326.25854,1095.2,"Infinite",848.9,"Infinite","Pollak"
1999,2011,2005,0.05,12,1862.33435,1062.5,"26528.1",1325.1,"Infinite","Pollak"
1999,2012,2005.5,0.05,13,1409.54956,906.5,"4159.5",894.5,"5202.6","Pollak"
1999,2013,2006,0.05,14,3320.60498,1612.6,"Infinite",1341.8,"Infinite","Pollak"
1999,2014,2006.5,0.05,15,938.30029,681.6,"1604.3",596.7,"1364.1","Pollak"
1999,2015,2007,0.05,16,1468.26782,1008.4,"4099.7",1128.2,"9253.8","Pollak"
1999,2016,2007.5,0.05,17,1232.39185,883.2,"2410.6",897.3,"2805.2","Pollak"
1999,2017,2008,0.05,18,2154.97363,1405.1,"11235.7",1467.3,"45009.6","Pollak"
1999,2018,2008.5,0.05,19,1081.61865,803.2,"1765.8",733.2,"2101","Pollak"
1999,2019,2009,0.05,20,1003.37439,760.6,"1542.5",594.2,"1877.6","Pollak"
1999,2020,2009.5,0.05,21,1166.78589,870.5,"1933.7",834.7,"2380.5","Pollak"
2002,2004,2003,0.05,2,10500,613.7,"Infinite",998.5,"Infinite","Pollak"
2002,2006,2004,0.05,4,10500,-2603.3,"Infinite",-2674.2,"Infinite","Pollak"
2002,2008,2005,0.05,6,2041.04773,806.2,"Infinite",977.2,"Infinite","Pollak"
2002,2009,2005.5,0.05,7,10500,2762.7,"Infinite",2753.1,"Infinite","Pollak"
2002,2010,2006,0.05,8,7159.68164,1281.9,"Infinite",1236.1,"Infinite","Pollak"
2002,2011,2006.5,0.05,9,10500,3459.1,"Infinite",6422.1,"Infinite","Pollak"
2002,2012,2007,0.05,10,6594.87354,1716.5,"Infinite",1940.4,"Infinite","Pollak"
2002,2013,2007.5,0.05,11,3138.24512,1362,"Infinite",1422.8,"Infinite","Pollak"
2002,2014,2008,0.05,12,3920.2854,1588.8,"Infinite",1602.1,"Infinite","Pollak"
2002,2015,2008.5,0.05,13,8097.18408,2380.3,"Infinite",3037.5,"Infinite","Pollak"
2002,2016,2009,0.05,14,6630.97998,2229.6,"Infinite",2252.8,"Infinite","Pollak"
2002,2017,2009.5,0.05,15,7831.25879,2560.4,"Infinite",2551.1,"Infinite","Pollak"
2002,2018,2010,0.05,16,2215.38159,1322,"5634.4",1043.3,"48515.2","Pollak"
2002,2019,2010.5,0.05,17,2488.44702,1460.2,"6954.1",805.1,"53056.2","Pollak"
2002,2020,2011,0.05,18,1628.32141,1109.6,"2979.1",861.8,"2786","Pollak"
2004,2006,2005,0.05,2,10500,527.1,"Infinite",290.5,"Infinite","Pollak"
2004,2008,2006,0.05,4,1608.84717,575.5,"Infinite",473.3,"Infinite","Pollak"
2004,2009,2006.5,0.05,5,10500,1359.3,"Infinite",762.4,"Infinite","Pollak"
2004,2010,2007,0.05,6,7661.43896,1031.3,"Infinite",859.7,"Infinite","Pollak"
2004,2011,2007.5,0.05,7,5521.18066,1255,"Infinite",1069.4,"Infinite","Pollak"
2004,2012,2008,0.05,8,2854.20923,1097.9,"Infinite",831.1,"Infinite","Pollak"
2004,2013,2008.5,0.05,9,10500,6473.7,"Infinite",7207.8,"Infinite","Pollak"
2004,2014,2009,0.05,10,10500,3619.5,"Infinite",2873.2,"Infinite","Pollak"
2004,2015,2009.5,0.05,11,10500,4751.8,"Infinite",3736.3,"Infinite","Pollak"
2004,2016,2010,0.05,12,10000,2953.9,"Infinite",1675.8,"Infinite","Pollak"
2004,2017,2010.5,0.05,13,4434.35352,1887.6,"Infinite",1463.3,"Infinite","Pollak"
2004,2018,2011,0.05,14,2296.23267,1289.9,"7895.6",764,"17742.9","Pollak"
2004,2019,2011.5,0.05,15,1582.07568,1026.9,"3065.2",577.1,"4218.2","Pollak"
2004,2020,2012,0.05,16,1945.65991,1211.3,"4599.9",778.2,"3731","Pollak"
2006,2008,2007,0.05,2,6837.96289,447.2,"Infinite",663.8,"Infinite","Pollak"
2006,2009,2007.5,0.05,3,10500,-3606.8,"Infinite",4240.4,"Infinite","Pollak"
2006,2010,2008,0.05,4,10500,3009.6,"Infinite",2312.8,"Infinite","Pollak"
2006,2011,2008.5,0.05,5,10500,6431.6,"Infinite",-7576.5,"Infinite","Pollak"
2006,2012,2009,0.05,6,10500,2048.9,"Infinite",940.3,"Infinite","Pollak"
2006,2013,2009.5,0.05,7,10000,1484.1,"Infinite",763.7,"Infinite","Pollak"
2006,2014,2010,0.05,8,3928.31787,1250.2,"Infinite",913.1,"Infinite","Pollak"
2006,2015,2010.5,0.05,9,7478.56934,1791.8,"Infinite",1642.3,"Infinite","Pollak"
2006,2016,2011,0.05,10,3317.31641,1380.9,"Infinite",1171.1,"Infinite","Pollak"
2006,2017,2011.5,0.05,11,10000,2368.4,"Infinite",1915.9,"Infinite","Pollak"
2006,2018,2012,0.05,12,2141.573,1161.5,"9059.9",645.1,"33858.5","Pollak"
2006,2019,2012.5,0.05,13,1995.49805,1151.1,"6055",556.4,"36118","Pollak"
2006,2020,2013,0.05,14,1177.62598,815.2,"2066.5",536.5,"1880.1","Pollak"
2008,2009,2008.5,0.05,1,10500,328.1,"Infinite",1520.8,"Infinite","Pollak"
2008,2010,2009,0.05,2,1713.56506,317.5,"Infinite",448.5,"Infinite","Pollak"
2008,2011,2009.5,0.05,3,1273.33228,442,"Infinite",526.4,"Infinite","Pollak"
2008,2012,2010,0.05,4,10500,1248,"Infinite",1192.6,"Infinite","Pollak"
2008,2013,2010.5,0.05,5,1809.66455,686.5,"Infinite",514.8,"Infinite","Pollak"
2008,2014,2011,0.05,6,2364.92676,859.6,"Infinite",768.2,"Infinite","Pollak"
2008,2015,2011.5,0.05,7,10500,1744.4,"Infinite",2465.6,"Infinite","Pollak"
2008,2016,2012,0.05,8,1986.0647,952.4,"Infinite",842.5,"Infinite","Pollak"
2008,2017,2012.5,0.05,9,10000,2049.3,"Infinite",2234.1,"Infinite","Pollak"
2008,2018,2013,0.05,10,1696.53833,935.9,"6287.4",660.7,"Infinite","Pollak"
2008,2019,2013.5,0.05,11,1099.42053,721.7,"2050.6",463.6,"6094.9","Pollak"
2008,2020,2014,0.05,12,1154.21948,767.2,"2186.1",558.3,"2605.5","Pollak"
2009,2010,2009.5,0.05,1,10500,-1872.5,"Infinite",600.6,"Infinite","Pollak"
2009,2011,2010,0.05,2,10500,-11549.6,"Infinite",2886.5,"Infinite","Pollak"
2009,2012,2010.5,0.05,3,10500,909.9,"Infinite",541.3,"Infinite","Pollak"
2009,2013,2011,0.05,4,2235.00049,648.1,"Infinite",543.9,"Infinite","Pollak"
2009,2014,2011.5,0.05,5,6782.70557,1001.3,"Infinite",689.2,"Infinite","Pollak"
2009,2015,2012,0.05,6,10500,2631.3,"Infinite",17136.8,"Infinite","Pollak"
2009,2016,2012.5,0.05,7,10000,1769.6,"Infinite",1890.7,"Infinite","Pollak"
2009,2017,2013,0.05,8,10500,4040.5,"Infinite",3417.8,"Infinite","Pollak"
2009,2018,2013.5,0.05,9,1378.91943,790.3,"4123.3",540.9,"Infinite","Pollak"
2009,2019,2014,0.05,10,1297.0874,789.5,"3030.8",416.5,"15722.5","Pollak"
2009,2020,2014.5,0.05,11,1292.47913,812.6,"2931.6",525.6,"5493.2","Pollak"
2010,2011,2010.5,0.05,1,10500,204.2,"Infinite",695.6,"Infinite","Pollak"
2010,2012,2011,0.05,2,10500,364.4,"Infinite",304.4,"Infinite","Pollak"
2010,2013,2011.5,0.05,3,10500,814.6,"Infinite",605.6,"Infinite","Pollak"
2010,2014,2012,0.05,4,1073.83044,437.1,"Infinite",518.4,"Infinite","Pollak"
2010,2015,2012.5,0.05,5,10500,752.7,"Infinite",1023.2,"Infinite","Pollak"
2010,2016,2013,0.05,6,10500,857,"Infinite",952.8,"Infinite","Pollak"
2010,2017,2013.5,0.05,7,3731.63306,1082.7,"Infinite",1130.3,"Infinite","Pollak"
2010,2018,2014,0.05,8,1007.85815,581.6,"4462.1",396.1,"43602.2","Pollak"
2010,2019,2014.5,0.05,9,1261.44031,702.9,"8349",394.3,"Infinite","Pollak"
2010,2020,2015,0.05,10,807.15594,538.1,"1831.5",381.2,"1994.7","Pollak"
2011,2012,2011.5,0.05,1,723.68915,176.4,"Infinite",128.7,"Infinite","Pollak"
2011,2013,2012,0.05,2,10500,451.8,"Infinite",305.4,"Infinite","Pollak"
2011,2014,2012.5,0.05,3,2528.55151,545.3,"Infinite",501.2,"Infinite","Pollak"
2011,2015,2013,0.05,4,2060.90918,678.7,"Infinite",1007.9,"Infinite","Pollak"
2011,2016,2013.5,0.05,5,2322.98877,792.3,"Infinite",682.9,"Infinite","Pollak"
2011,2017,2014,0.05,6,1374.30627,705.1,"Infinite",711.2,"Infinite","Pollak"
2011,2018,2014.5,0.05,7,858.08411,532.9,"1913.3",375.3,"4564.6","Pollak"
2011,2019,2015,0.05,8,1037.39575,634,"2486",325.3,"4026.4","Pollak"
2011,2020,2015.5,0.05,9,654.93567,468.7,"1065.5",347.2,"1078.1","Pollak"
2012,2013,2012.5,0.05,1,318.23016,130.1,"Infinite",110.3,"Infinite","Pollak"
2012,2014,2013,0.05,2,338.31482,187.2,"1182.9",157,"962.7","Pollak"
2012,2015,2013.5,0.05,3,660.56659,343.7,"Infinite",303.8,"Infinite","Pollak"
2012,2016,2014,0.05,4,823.21307,432.1,"11086.5",389.7,"20912.2","Pollak"
2012,2017,2014.5,0.05,5,1020.99982,554.2,"137447.8",481.9,"Infinite","Pollak"
2012,2018,2015,0.05,6,1161.27991,610.4,"6366",433.7,"Infinite","Pollak"
2012,2019,2015.5,0.05,7,984.04663,586,"2598.7",366.8,"Infinite","Pollak"
2012,2020,2016,0.05,8,732.66699,497.5,"1364.4",369.7,"1004.4","Pollak"
2013,2014,2013.5,0.05,1,133.99588,80.3,"339.8",65.9,"251.7","Pollak"
2013,2015,2014,0.05,2,584.42719,268.6,"Infinite",283.9,"Infinite","Pollak"
2013,2016,2014.5,0.05,3,734.26978,358.2,"Infinite",307.5,"37644.3","Pollak"
2013,2017,2015,0.05,4,652.51239,385.3,"4268.7",336.6,"4167.3","Pollak"
2013,2018,2015.5,0.05,5,606.04272,376.7,"1393.1",299,"6752.2","Pollak"
2013,2019,2016,0.05,6,440.2774,312.5,"707.8",192.4,"676.4","Pollak"
2013,2020,2016.5,0.05,7,455.2244,333.1,"717.7",262.5,"683.7","Pollak"
2014,2015,2014.5,0.05,1,1019.00787,208.6,"Infinite",212.6,"Infinite","Pollak"
2014,2016,2015,0.05,2,284.4577,171.1,"840",129.2,"506.9","Pollak"
2014,2017,2015.5,0.05,3,678.34381,351.7,"Infinite",331.2,"Infinite","Pollak"
2014,2018,2016,0.05,4,555.25983,331.2,"1416.5",225.5,"3949.2","Pollak"
2014,2019,2016.5,0.05,5,691.95679,411.5,"1760.4",212.7,"9930.8","Pollak"
2014,2020,2017,0.05,6,388.66074,282.7,"595.6",207.7,"554.8","Pollak"
2015,2016,2015.5,0.05,1,618.42041,191.8,"Infinite",152,"Infinite","Pollak"
2015,2017,2016,0.05,2,10000,629.9,"Infinite",522.5,"Infinite","Pollak"
2015,2018,2016.5,0.05,3,364.38226,234.6,"978.8",181.7,"Infinite","Pollak"
2015,2019,2017,0.05,4,502.44495,316.8,"1328",186.2,"Infinite","Pollak"
2015,2020,2017.5,0.05,5,509.21964,338.9,"1107.4",233.6,"1175.5","Pollak"
2016,2017,2016.5,0.05,1,199.75409,109.6,"11653.9",96.8,"1912.4","Pollak"
2016,2018,2017,0.05,2,228.23674,147,"509.1",96.6,"705.5","Pollak"
2016,2019,2017.5,0.05,3,230.94713,164.5,"385",99.9,"406.3","Pollak"
2016,2020,2018,0.05,4,332.29498,233.6,"599.6",158.6,"535.1","Pollak"
2017,2018,2017.5,0.05,1,110.61183,73.8,"263.4",60.5,"1908.1","Pollak"
2017,2019,2018,0.05,2,237.16656,155.5,"623.9",93.7,"Infinite","Pollak"
2017,2020,2018.5,0.05,3,268.64853,188.4,"549.7",137.9,"498.9","Pollak"
2018,2019,2018.5,0.05,1,2146.65479,219.9,"Infinite",181.1,"Infinite","Pollak"
2018,2020,2019,0.05,2,365.90591,197.5,"2143.2",186.5,"1196.5","Pollak"
2019,2020,2019.5,0.05,1,145.80348,85.6,"452.1",53.1,"148.1","Pollak"
